Reference Number,Chemical name,Colour index Number,CAS Number,EC Number,Color,Maximum concentration in ready for use preparation,SMILES
1,"Sodium tris(1,2-naphthoquinone 1-oximato-O,O')ferrate(1-) ",CI 10006,16143-80-9 ,240-299-7,Green,Rinse-off product,[Na+].[Fe++].[O-]c1ccc2ccccc2c1N=O.[O-]c3ccc4ccccc4c3N=O.[O-]c5ccc6ccccc6c5N=O
3,"Disodium 5,7-dinitro-8-oxidonaphthalene-2-sulphonate and its insoluble barium, strontium and zirconium lakes, salts and pigments",CI 10316,846-70-8 ,212-690-2,Yellow,Not to be used in eye products,[Na+].[O-]c1c2cc(ccc2c(cc1[N+]([O-])=O)[N+]([O-])=O)[S]([O-])(=O)=O
4,2-[(4-Methyl-2-nitrophenyl)azo]-3-oxo-N-phenylbutyramide ,CI 11680,2512-29-0 ,219-730-8,Yellow,Not to be used in products applied on mucous membranes,CC(=O)C(N=Nc1ccc(C)cc1[N+]([O-])=O)C(=O)Nc2ccccc2
5,2-[(4-Chloro-2-nitrophenyl)azo]-N-(2-chlorophenyl)-3-oxobutyramide,CI 11710,6486-23-3 ,229-355-1,Yellow,Not to be used in products applied on mucous membranes,CC(=O)C(N=Nc1ccc(Cl)cc1[N+]([O-])=O)C(=O)Nc2ccccc2Cl
6,2-[(4-Methoxy-2-nitrophenyl)azo]-3-oxo-N-(o-tolyl)butyramide,CI 11725,6371-96-6 ,228-907-9,Orange,Rinse-off products,COc1ccc(N=NC(C(C)=O)C(=O)Nc2ccccc2C)c(c1)[N+]([O-])=O
7,4-(Phenylazo)resorcinol,CI 11920,2051-85-6 ,218-131-9,Orange,,OC/1=CC(=O)C=CC1=N/Nc2ccccc2
8,4-[(4-Ethoxyphenyl)azo]naphthol,CI 12010,6535-42-8 ,229-439-8,Red,Not to be used in products applied on mucous membranes,CCOc1ccc(N\N=C\2C=CC(=O)c3ccccc23)cc1
9,"1-[(2-Chloro-4-nitrophenyl)azo]-2-naphthol and its insoluble barium, strontium and zirconium lakes, salts and pigments",CI 12085 ,2814-77-9 ,220-562-2,Red,,[O-][N+](=O)c1ccc(N\N=C2/C(=O)C=Cc3ccccc23)c(Cl)c1
10,1-[(4-Methyl-2-nitrophenyl)azo]-2-naphthol,CI 12120,2425-85-6,219-372-2,Red,Rinse-off products,Cc1ccc(N\N=C2/C(=O)C=Cc3ccccc23)c(c1)[N+]([O-])=O
11,"3-Hydroxy-N-(o-tolyl)-4-[(2,4,5-trichlorophenyl)azo]naphthalene-2-carboxamide",CI 12370,6535-46-2 ,229-440-3,Red,Rinse-off products,Cc1ccccc1NC(=O)C2=Cc3ccccc3C(=N/Nc4cc(Cl)c(Cl)cc4Cl)\C2=O
12,N-(4-Chloro-2-methylphenyl)-4-[(4-chloro-2-methylphenyl)azo]-3-hydroxynaphthalene-2-carboxamide,CI 12420,6471-51-8 ,229-315-3,Red,Rinse-off products,Cc1cc(Cl)ccc1N\N=C2/C(=O)C(=Cc3ccccc23)C(=O)Nc4ccc(Cl)cc4C
13,"4-[(2,5-Dichlorophenyl)azo]-N-(2,5-dimethoxyphenyl)-3-hydroxynaphthalene-2-carboxamide",CI 12480,6410-40-8,229-106-7,Brown,Rinse-off products,COc1ccc(OC)c(NC(=O)C2=Cc3ccccc3C(=N/Nc4cc(Cl)ccc4Cl)/C2=O)c1
14,"N-(5-Chloro-2,4-dimethoxyphenyl)-4-[[5-[(diethylamino)sulphonyl]-2-methoxyphenyl]azo]-3-hydroxynaphthalene-2-carboxamide",CI 12490,6410-41-9 ,229-107-2,Red,,CCN(CC)[S](=O)(=O)c1ccc(OC)c(N\N=C2\C(=O)C(=Cc3ccccc23)C(=O)Nc4cc(Cl)c(OC)cc4OC)c1
15,"2,4-Dihydro-5-methyl-2-phenyl-4-(phenylazo)-3H-pyrazol-3-one",CI 12700,4314-14-1 ,224-330-1,Yellow,Rinse-off products,CC1=NN(c2ccccc2)C(=O)C1N=Nc3ccccc3
16,Disodium 2-amino-5-[(4-sulphonatophenyl)azo]benzenesulphonate,CI 13015,2706-28-7 ,220-293-0,Yellow,,[Na+].[Na+].Nc1ccc(cc1[S]([O-])(=O)=O)N=Nc2ccc(cc2)[S]([O-])(=O)=O
18,"Disodium 3-[(2,4-dimethyl-5- sulphonatophenyl)azo]-4- hydroxynaphthalene-1- sulphonate",PONCEAUX SX (CI 14700),4548-53-2,224-909-9,Red,,[Na+].[Na+].Cc1cc(C)c(cc1N\N=C\2C=C(c3ccccc3C2=O)[S]([O-])(=O)=O)[S]([O-])(=O)=O
19,Disodium 4-hydroxy-3-[(4-sulphonatonaphthyl)azo]naphthalenesulphonate,CI 14720,3567-69-9 ,222-657-4,Red,,[Na+].[Na+].[O-][S](=O)(=O)c1ccc(N\N=C\2C=C(c3ccccc3C2=O)[S]([O-])(=O)=O)c4ccccc14
20,"Disodium 6-[(2,4-dimethyl-6-sulphonatophenyl)azo]-5-hydroxynaphthalene-1-sulphonate",CI 14815,3257-28-1 ,221-856-3,Red,,[Na+].[Na+].Cc1cc(C)c(N\N=C/2C=Cc3c(cccc3[S]([O-])(=O)=O)C2=O)c(c1)[S]([O-])(=O)=O
22,Calcium disodium bis[2-chloro-5-[(2-hydroxy-1-naphthyl)azo]-4-sulphonatobenzoate] ,CI 15525,5850-80-6 ,227-456-5,Red,,[Na+].[Na+].[Ca++].[O-]C(=O)c1cc(N\N=C/2C(=O)C=Cc3ccccc23)c(cc1Cl)[S]([O-])(=O)=O.[O-]C(=O)c4cc(N\N=C/5C(=O)C=Cc6ccccc56)c(cc4Cl)[S]([O-])(=O)=O
23,Barium bis[4-[(2-hydroxy-1-naphthyl)azo]-2-methylbenzenesulphonate] ,CI 15580,5850-87-3 ,227-459-1,Red,,[Ba++].Cc1cc(N\N=C/2C(=O)C=Cc3ccccc23)ccc1[S]([O-])(=O)=O.Cc4cc(N\N=C/5C(=O)C=Cc6ccccc56)ccc4[S]([O-])(=O)=O
24,Sodium 4-[(2-Hydroxy-1-naphthyl)azo]naphthalenesulphonate,CI 15620,1658-56-6 ,216-760-3,Red,Rinse-off products,[Na+].[O-][S](=O)(=O)c1ccc(N\N=C2\C(=O)C=Cc3ccccc23)c4ccccc14
25,"Sodium 2-[(2-hydroxynaphthyl)azo]naphthalenesulphonate and its insoluble barium, strontium and zirconium lakes, salts and pigments",CI 15630 ,1248-18-6 ,214-998-2,Red,,[Na+].[O-][S](=O)(=O)c1c(N\N=C2/C(=O)C=Cc3ccccc23)ccc4ccccc14
26,Calcium bis[3-hydroxy-4-(phenylazo)-2-naphthoate],CI 15800,6371-76-2 ,228-899-7,Red,Not to be used in products applied on mucous membranes ,[Ca++].[O-]C(=O)C1=Cc2ccccc2\C(=N/Nc3ccccc3)C1=O.[O-]C(=O)C4=Cc5ccccc5\C(=N/Nc6ccccc6)C4=O
29,Calcium 3-hydroxy-4-[(1-sulphonato-2-naphthyl)azo]-2-naphthoate,CI 15880,6417-83-0 ,229-142-3,Red,,[Ca++].[O-]C(=O)C1=Cc2ccccc2/C(=N/Nc3ccc4ccccc4c3[S]([O-])(=O)=O)C1=O
30,Disodium 6-hydroxy-5-[(3-sulphonatophenyl)azo]naphthalene-2-sulphonate,CI 15980,2347-72-0,219-073-7,Orange,,[Na+].[Na+].[O-][S](=O)(=O)c1cccc(N\N=C2\C(=O)C=Cc3cc(ccc23)[S]([O-])(=O)=O)c1
31,"Disodium 6-hydroxy-5-[(4-sulphonatophenyl)azo]naphthalene-2-sulphonate and its insoluble barium, strontium and zirconium lakes, salts and pigments",CI 15985 ,2783-94-0 ,220-491-7,Yellow,,[Na+].[Na+].[O-][S](=O)(=O)c1ccc(N\N=C2\C(=O)C=Cc3cc(ccc23)[S]([O-])(=O)=O)cc1
32,Disodium 6-hydroxy-5-[(2-methoxy-4-sulphonato-m-tolyl)azo]naphthalene-2-sulphonate ,CI 16035,25956-17-6,247-368-0,Red,,[Na+].[Na+].COc1cc(c(C)cc1N\N=C2\C(=O)C=Cc3cc(ccc23)[S]([O-])(=O)=O)[S]([O-])(=O)=O
34,"Disodium 7-hydroxy-8-(phenylazo)naphthalene-1,3-disulphonate",CI 16230,1936-15-8,217-705-6,Orange,Not to be used in products applied on mucous membranes,[Na+].[Na+].[O-][S](=O)(=O)c1cc2C=CC(=O)\C(=N/Nc3ccccc3)c2c(c1)[S]([O-])(=O)=O
35,"Trisodium 1-(1-naphthylazo)-2-hydroxynaphthalene-4',6,8-trisulphonate and its insoluble barium, strontium and zirconium lakes, salts and pigments ",CI 16255 ,2611-82-7 ,220-036-2,Red,,[Na+].[Na+].[Na+].[O-][S](=O)(=O)c1cc2C=CC(=O)\C(=N/Nc3ccc(c4ccccc34)[S]([O-])(=O)=O)c2c(c1)[S]([O-])(=O)=O
36,"Tetrasodium 7-hydroxy-8-[(4-sulphonato-1-naphthyl)azo]naphthalene-1,3,6-trisulphonate",CI 16290,5850-44-2,227-454-4,Red,,[Na+].[Na+].[Na+].[Na+].[O-][S](=O)(=O)c1cc2C=C(C(=O)\C(=N/Nc3ccc(c4ccccc34)[S]([O-])(=O)=O)c2c(c1)[S]([O-])(=O)=O)[S]([O-])(=O)=O
38,"Disodium 5-acetylamino-4-hydroxy-3-(phenylazo)naphthalene-2,7-disulphonate",CI 18050,3734-67-6,223-098-9,Red,Not to be used in products applied on mucous membranes,[Na+].[Na+].CC(=O)Nc1cc(cc2C=C(\C(=N/Nc3ccccc3)C(=O)c12)[S]([O-])(=O)=O)[S]([O-])(=O)=O
40,"Hydrogen bis[2-[(4,5-dihydro-3-methyl-5-oxo-1-phenyl-1H-pyrazol-4-yl)azo]benzoato(2-)]chromate(1-)",CI 18690,5601-29-6 ,227-022-5,Yellow,Rinse-off products,[Cr+3]1234([O-]C(=C5C=CC=CC5=N1N=C6C(=NN(c7ccccc7)C6=O2)C)[O-])[O-]C(=C8C=CC=CC8=N3N=C9C(=NN(c%10ccccc%10)C9=O4)C)[O-].[H+]
41,"Disodium hydrogen bis[5-chloro-3-[(4,5-dihydro-3-methyl-5-oxo-1-phenyl-1H-pyrazol-4-yl)azo]-2-hydroxybenzenesulphonato(3-)]chromate(3-)",CI 18736,6408-26-0 ,229-051-9,Red,Rinse-off products,[Na+].[Na+].[Cr+3]1234([O-]c5c(C)cc(Cl)cc5N1=NC6=C(C)[N-]N(c7ccccc7)C6=O2)[O-]c8c(C)cc(Cl)cc8N3=NC9=C(C)[N-]N(c%10ccccc%10)C9=O4.[H+]
42,Sodium 4-(3-hydroxy-5-methyl-4-phenylazopyrazol-2-yl)benzenesulphonate,CI 18820,6359-82-6 ,228-808-0,Yellow,Rinse-off products,[Na+].CC1=NN(C(=O)C1N=Nc2ccccc2)c3ccc(cc3)[S]([O-])(=O)=O
43,"Disodium 2,5-dichloro-4-(5-hydroxy-3-methyl-4-((sulphophenyl)azo)pyrazol-1-yl)benzenesulphonate",CI 18965,6359-98-4,228-819-0,Yellow,,[Na+].[Na+].CC1=NN(C(=O)C1N=Nc2ccc(cc2)[S]([O-])(=O)=O)c3cc(Cl)c(cc3Cl)[S]([O-])(=O)=O
45,"N,N'-(3,3'-Dimethyl[1,1'-biphenyl]-4,4'-diyl)bis[2-[(2,4-dichlorophenyl)azo]-3-oxobutyramide]",CI 20040,5979-28-2,227-783-3,Yellow,Rinse-off products,CC(=O)C(N=Nc1ccc(Cl)cc1Cl)C(=O)Nc2ccc(cc2C)c3ccc(NC(=O)C(N=Nc4ccc(Cl)cc4Cl)C(C)=O)c(C)c3
46,"Sodium 4-amino-5-hydroxy-3-[(4-nitrophenyl)azo]-6-(phenylazo)naphthalene-2,7-disulphonate",CI 20470,1064-48-8,213-903-1,Black,Rinse-off products,[Na+].[Na+].Nc1c(N=Nc2ccc(cc2)[N+]([O-])=O)c(cc3C=C(\C(=N/Nc4ccccc4)C(=O)c13)[S]([O-])(=O)=O)[S]([O-])(=O)=O
47,"2,2'-[(3,3'-Dichloro[1,1'-biphenyl]-4,4'-diyl)bis(azo)]bis[N-(2,4-dimethylphenyl)-3-oxobutyramide]",CI 21100,5102-83-0,225-822-9,Yellow,Rinse-off products,CC(=O)C(N=Nc1ccc(cc1Cl)c2ccc(N=NC(C(C)=O)C(=O)Nc3ccc(C)cc3C)c(Cl)c2)C(=O)Nc4ccc(C)cc4C
48,"2,2'-[(3,3'-Dichloro[1,1'-biphenyl]-4,4'-diyl)bis(azo)]bis[N-(4-chloro-2,5-dimethoxyphenyl)-3-oxobutyramide]",CI 21108,5567-15-7,226-939-8,Yellow,Rinse-off products,COc1cc(NC(=O)C(N=Nc2ccc(cc2Cl)c3ccc(N=NC(C(C)=O)C(=O)Nc4cc(OC)c(Cl)cc4OC)c(Cl)c3)C(C)=O)c(OC)cc1Cl
49,"2,2'-[Cyclohexylidenebis[(2-methyl-4,1-phenylene)azo]]bis[4-cyclohexylphenol]",CI 21230 /SOLVENT YELLOW 29,6706-82-7 ,229-754-0,Yellow,Not to be used in products applied on mucous membranes,Cc1cc(ccc1N\N=C\2C=C(C=CC2=O)C3CCCCC3)C4(CCCCC4)c5ccc(N\N=C\6C=C(C=CC6=O)C7CCCCC7)c(C)c5
50,"Disodium 4,6-dihydroxy-3-[[4-[1-[4-[[1-hydroxy-7-[(phenylsulphonyl)oxy]-3-sulphonato-2-naphthyl]azo]phenyl]cyclohexyl]phenyl]azo]naphthalene-2-sulphonate",CI 24790,13421-53-9,236-531-1,Red,Rinse-off products,[Na+].[Na+].[O-][S](=O)(=O)C1=C(NNc2ccc(cc2)C3(CCCCC3)c4ccc(N\N=C\5C(=O)c6cc(O[S](=O)(=O)c7ccccc7)ccc6C=C5[S]([O-])(=O)=O)cc4)C(=O)C8=CC(=O)C=CC8=C1
51,1-(4-(Phenylazo)phenylazo)-2-naphthol,CI 26100 /SOLVENT RED 23,85-86-9 ,201-638-4,Red,Not to be used in products applied on mucous membranes,O=C\1C=Cc2ccccc2C1=N/Nc3ccc(cc3)N=Nc4ccccc4
52,"Tetrasodium 6-amino-4-hydroxy-3-[[7-sulphonato-4-[(4-sulphonatophenyl)azo]-1-naphthyl]azo]naphthalene-2,7-disulphonate",CI 27755,2118-39-0,218-326-9,Black,,[Na+].[Na+].[Na+].[Na+].Nc1cc2C(=O)C(=N/Nc3ccc(N=Nc4ccc(cc4)[S]([O-])(=O)=O)c5ccc(cc35)[S]([O-])=O)\C(=Cc2cc1[S]([O-])(=O)=O)[S]([O-])(=O)=O
53,"Tetrasodium 1-acetamido-2-hydroxy-3-(4-((4-sulphonatophenylazo)-7-sulphonato-1-naphthylazo))naphthalene-4,6-disulphonate",CI 28440,2519-30-4,219-746-5,Black,,[Na+].[Na+].[Na+].[Na+].CC(=O)Nc1ccc(c2C=C(/C(=N/Nc3ccc(N=Nc4ccc(cc4)[S]([O-])(=O)=O)c5ccc(cc35)[S]([O-])(=O)=O)C(=O)c12)[S]([O-])(=O)=O)[S]([O-])(=O)=O
56,8'-apo-.beta.-Caroten-8'-al,CI 40820,1962-15-8,214-171-6,Orange,,CC1=C(\C=C\C(C)=C\C=C\C(C)=C\C=C\C=C(C)/C=C/C=C(\C)C(O)=O)C(C)(C)CCC1
57,Ethyl 8'-apo-.beta.-caroten-8'-oate,CI 40825,1109-11-1,214-173-7,Orange,,CCOC(=O)C(/C)=C/C=C/C(C)=C/C=C/C=C(C)/C=C/C=C(C)/C=C/C1=C(C)CCCC1(C)C
58,Canthaxanthin,CI 40850,514-78-3 ,208-187-2,Orange,,CC(=C\C=C\C=C(C)\C=C\C=C(C)\C=C\C1=C(C)C(=O)CCC1(C)C)/C=C/C=C(C)/C=C/C2=C(C)C(=O)CCC2(C)C
59,"Ammonium, (4-(alpha-(p-(diethylamino)phenyl)-2,4-disulfobenzylidene)-2,5-cyclohexadien-1-ylidene)diethyl-, hydroxide, monosodium salt",CI 42045 /ACID BLUE 1,129-17-9 ,204-934-1,Blue,Not to be used in products applied on mucous membranes,[Na+].CCN(CC)c1ccc(cc1)[C+](c2ccc(cc2)N(CC)CC)c3ccc(cc3[S]([O-])(=O)=O)[S]([O-])(=O)=O
60,"Ethanaminium, N-(4-((4-(diethylamino)phenyl)(5-hydroxy-2,4-disulfophenyl)methylene)-2,5-cyclohexadien-1-ylidene)-N-ethylhydroxide, inner salt, calcium salt (2:1) and its insoluble barium, strontium and zirconium lakes, salts and pigments",CI 42051 /ACID BLUE 3,3536-49-0 ,222-573-8,Blue,,[Ca++].CCN(CC)c1ccc(cc1)[C+](c2ccc(cc2)N(CC)CC)c3cc(O)c(cc3[S]([O-])(=O)=O)[S]([O-])(=O)=O.CCN(CC)c4ccc(cc4)[C+](c5ccc(cc5)N(CC)CC)c6cc(O)c(cc6[S]([O-])(=O)=O)[S]([O-])(=O)=O
61,"Benzene-methanaminium, N-ethyl-N-(4-((4-(ethyl((3-sulfophenyl)methyl)amino)phenyl)(4-hydroxy-2-sulfophenyl)methylene)-2,5-cyclohexadien-1-ylidene)-3-sulfo-, hydroxide, inner salt, disodium salt",CI 42053/ FAST GREEN FCF ,2353-45-9,219-091-5,Green,,[Na+].[Na+].CCN(Cc1cccc(c1)[S]([O-])(=O)=O)c2ccc(cc2)[C+](c3ccc(cc3)N(CC)Cc4cccc(c4)[S]([O-])(=O)=O)c5ccc(O)cc5[S]([O-])(=O)=O
62,"Hydrogen (benzyl)[4-[[4-[benzylethylamino]phenyl](2,4-disulphonatophenyl)methylene]cyclohexa-2,5-dien-1-ylidene](ethyl)ammonium, sodium salt",CI 42080,3486-30-4 ,222-476-0,Blue,Rinse-off products,[Na+].CCN(Cc1ccccc1)c2ccc(cc2)[C+](c3ccc(cc3)N(CC)Cc4ccccc4)c5ccc(cc5[S]([O-])(=O)=O)[S]([O-])(=O)=O
64,"Hydrogen [4-[(2-chlorophenyl)[4-[ethyl(3-sulphonatobenzyl)amino]phenyl]methylene]cyclohexa-2,5-dien-1-ylidene](ethyl)(3-sulphonatobenzyl)ammonium, sodium salt",CI 42100,4857-81-2 ,225-458-0 ,Green,Rinse-off products,CCN(Cc1cccc(c1)[S](O)(=O)=O)c2ccc(cc2)[C+](c3ccc(cc3)N(CC)Cc4cccc(c4)[S](O)(=O)=O)c5ccccc5Cl
65,"Hydrogen [4-[(2-chlorophenyl)[4-[ethyl(3-sulphonatobenzyl)amino]-o-tolyl]methylene]-3-methylcyclohexa-2,5-dien-1-ylidene](ethyl)(3-sulphonatobenzyl)ammonium, sodium salt",CI 42170,5863-51-4 ,227-513-4 ,Green,Rinse-off products,[Na+].CCN(Cc1cccc(c1)[S]([O-])(=O)=O)c2ccc([C+](c3ccc(cc3C)N(CC)Cc4cccc(c4)[S]([O-])(=O)=O)c5ccccc5Cl)c(C)c2
66,"(4-(4-Aminophenyl)(4-iminocyclohexa-2,5-dienylidene)methyl)-2-methylaniline hydrochloride",CI 42510,632-99-5 ,211-189-6 ,Violet,Not to be used in products applied on mucous membranes,[H+].[Cl-].CC1=CC(C=CC1=N)=C(c2ccc(N)cc2)c3ccc(N)cc3
67,"4-[(4-Amino-m-tolyl)(4-imino-3-methylcyclohexa-2,5-dien-1-ylidene)methyl]-o-toluidine monohydrochloride",CI 42520 / BASIC VIOLET 2,3248-91-7 ,221-831-7,Violet,Rinse-off products,[Cl-].Cc1cc(ccc1N)[C+](c2ccc(N)c(C)c2)c3ccc(N)c(C)c3
68,"Hydrogen [4-[[4-(diethylamino)phenyl][4-[ethyl[(3-sulphonatobenzyl)amino]-o-tolyl]methylene]-3-methylcyclohexa-2,5-dien-1-ylidene](ethyl)(3-sulphonatobenzyl)ammonium, sodium salt",CI 42735,6505-30-2,229-390-2,Blue,Not to be used in products applied on mucous membranes,[Na+].CCN(CC)c1ccc(cc1)[C+](c2ccc(cc2C)N(CC)Cc3cccc(c3)[S](O)(=O)=O)c4ccc(cc4C)N(CC)Cc5cccc(c5)[S]([O-])(=O)=O
69,"[4-[[4-Anilino-1-naphthyl][4-(dimethylamino)phenyl]methylene]cyclohexa-2,5-dien-1-ylidene]dimethylammonium chloride",CI 44045,2580-56-5 ,219-943-6,Blue,Not to be used in products applied on the mucous membranes,[Cl-].CN(C)c1ccc(cc1)[C+](c2ccc(cc2)N(C)C)c3ccc(Nc4ccccc4)c5ccccc35
70,"Hydrogen [4-[4-(dimethylamino)-.alpha.-(2-hydroxy-3,6-disulphonato-1-naphthyl)benzylidene]cyclohexa-2,5-dien-1-ylidene]dimethylammonium, monosodium salt",CI 44090,3087-16-9 ,221-409-2,Green,,[Na+].CN(C)c1ccc(cc1)[C+](c2ccc(cc2)N(C)C)c3c(O)c(cc4cc(ccc34)[S]([O-])(=O)=O)[S]([O-])(=O)=O
71,"Hydrogen 3,6-bis(diethylamino)-9-(2,4-disulphonatophenyl)xanthylium, sodium salt",CI 45100/ ACID RED 52,3520-42-1 ,222-529-8 ,Red,Rinse-off products,[Na+].CCN(CC)c1cc2[o+]c3cc(N(CC)CC)c(C)cc3c(c2cc1C)c4ccc(cc4[S]([O-])(=O)=O)[S]([O-])(=O)=O
72,"Hydrogen 9-(2-carboxylatophenyl)-3-(2-methylanilino)-6-(2-methyl-4-sulphoanilino)xanthylium, monosodium salt",CI 45190 / ACID VIOLET 9,6252-76-2 ,228-377-9,Violet,Rinse-off products,[Na+].Cc1ccccc1Nc2ccc3c(OC4=CC(C=CC4=C3c5ccccc5C(O)=O)=Nc6ccc(cc6C)[S]([O-])(=O)=O)c2
73,"Hydrogen 9-(2,4-disulphonatophenyl)-3,6-bis(ethylamino)-2,7-dimethylxanthylium, monosodium salt",CI 45220,"5873-16-5  	",227-528-6,Red,Rinse-off products,[Na+].CCNc1cc2[o+]c3cc(NCC)c(C)cc3c(c2cc1C)c4ccc(cc4[S]([O-])(=O)=O)[S]([O-])(=O)=O
77,"3',6'-Dihydroxy-4',5'-dinitrospiro[isobenzofuran-1(3H),9'-[9H]xanthene]-3-one",CI 45396,"24545-86-6  	",246-308-0 ,Orange,,Oc1ccc2c(Oc3c(ccc(O)c3[N+]([O-])=O)C24OC(=O)c5ccccc45)c1[N+]([O-])=O
78,"Dipotassium 3,6-dichloro-2-(2,4,5,7-tetrabromo-6-oxido-3-oxoxanthen-9-yl)benzoate",CI 45405,"6441-77-6  	",229-225-4,Red,Not to be used in eye products,[K+].[K+].[O-]c1c(Br)cc2c(Oc3c(Br)c([O-])c(Br)cc3C24OC(=O)c5c(Cl)ccc(Cl)c45)c1Br
79,"3,4,5,6-Tetrachloro-2-(1,4,5,8-tetrabromo-6-hydroxy-3-oxoxanthen-9-yl)benzoic acid and its insoluble barium, strontium and zirconium lakes, salts and pigments",CI 45410 ,18472-87-2,242-355-6,Red,,[Na+].[Na+].[O-]c1c(Br)cc2c(Oc3c(Br)c([O-])c(Br)cc3C24OC(=O)c5c(Cl)c(Cl)c(Cl)c(Cl)c45)c1Br
80,"Disodium 2-(2,4,5,7-tetraiodo-6-oxido-3-oxoxanthen-9-yl)benzoate and its insoluble barium, strontium and zirconium lakes, salts and pigments",CI 45430 ,12227-78-0 ,240-474-8,Red,,[Al+3].[Al+3].[O-]c1c(I)cc2Oc3cc(I)c([O-])c(I)c3C4(OC(=O)c5ccccc45)c2c1I.[O-]c6c(I)cc7Oc8cc(I)c([O-])c(I)c8C9(OC(=O)c%10ccccc9%10)c7c6I.[O-]c%11c(I)cc%12Oc%13cc(I)c([O-])c(I)c%13C%14(OC(=O)c%15ccccc%14%15)c%12c%11I
81,"1,3-Isobenzofurandione, reaction products with methylquinoline and quinoline",CI 47000 / SOLVENT YELLOW 33,8003-22-3,232-318-2,Yellow,Not to be used in products applied on mucous membranes,O=C1C(c2ccc3ccccc3n2)C(=O)c4ccccc14
85,"8,18-Dichloro-5,15-diethyl-5,15-dihydrodiindolo[3,2-b:3',2'-m]triphenodioxazine",CI 51319 / PIGMENT VIOLET 23,6358-30-1,28-767-9,Violet,Rinse-off products,CCn1c2ccccc2c3cc4N=C5C(=C6Oc7cc8n(CC)c9ccccc9c8cc7N=C6C(=C5Oc4cc13)Cl)Cl
86,"1,2-Dihydroxyanthraquinone",CI 58000 / PIGMENT RED 83,72-48-0,200-782-5,Red,,Oc1ccc2C(=O)c3ccccc3C(=O)c2c1O
87,"Trisodium 8-hydroxypyrene-1,3,6-trisulphonate",CI 59040,6358-69-6,228-783-6,Green,Not to be used in products applied on the mucous membranes,[Na+].[Na+].[Na+].Oc1cc(c2ccc3c4c(ccc1c24)c(cc3[S]([O-])(=O)=O)[S]([O-])(=O)=O)[S]([O-])(=O)=O
88,1-Anilino-4-hydroxyanthraquinone,CI 60724,"19286-75-0  	",242-939-0,Violet,Rinse-off products,Oc1ccc(Nc2ccccc2)c3C(=O)c4ccccc4C(=O)c13
89,1-Hydroxy-4-(p-toluidino)anthraquinone,CI 60725 / SOLVENT VIOLET 13 / VIOLET 2,81-48-1,201-353-5,Violet,,Cc1ccc(Nc2ccc(O)c3C(=O)c4ccccc4C(=O)c23)cc1
90,"Sodium 4-[(9,10-dihydro-4-hydroxy-9,10-dioxo-1-anthryl)amino]toluene-3-sulphonate",CI 60730,"4430-18-6  	",224-618-7,Violet,Not to be used in products applied on the mucous membranes,[Na+].Cc1ccc(Nc2ccc(O)c3C(=O)c4ccccc4C(=O)c23)c(c1)[S]([O-])(=O)=O
91,"1,4-bis(p-Tolylamino)anthraquinone",CI 61565,"128-80-3  	",204-909-5,Green,,Cc1ccc(Nc2ccc(Nc3ccc(C)cc3)c4C(=O)c5ccccc5C(=O)c24)cc1
92,"Disodium 2,2'-(9,10-dioxoanthracene-1,4-diyldiimino)bis(5-methylsulphonate)",CI 61570,"4403-90-1  	",224-546-6,Green,,[Na+].[Na+].Cc1ccc(Nc2ccc(Nc3ccc(C)cc3[S]([O-])(=O)=O)c4C(=O)c5ccccc5C(=O)c24)c(c1)[S]([O-])(=O)=O
93,"Sodium 3,3'-(9,10-dioxoanthracene-1,4-diyldiimino)bis(2,4,6-trimethylbenzenesulphonate)",CI 61585,"4474-24-2  	",224-748-4,Blue,Rinse-off products,[Na+].[Na+].Cc1cc(C)c(c(C)c1Nc2ccc(Nc3c(C)cc(C)c(c3C)[S]([O-])(=O)=O)c4C(=O)c5ccccc5C(=O)c24)[S]([O-])(=O)=O
94,"Sodium 1-amino-4-(cyclohexylamino)-9,10-dihydro-9,10-dioxoanthracene-2-sulphonate",CI 62045,"4368-56-3  	",224-460-9,Blue,Rinse-off products,[Na+].Nc1c(cc(NC2CCCCC2)c3C(=O)c4ccccc4C(=O)c13)[S]([O-])(=O)=O
95,"6,15-Dihydroanthrazine-5,9,14,18-tetrone",CI 69800,"81-77-6  	",201-375-5,Blue,,O=C1c2ccccc2C(=O)c3c4Nc5ccc6C(=O)c7ccccc7C(=O)c6c5Nc4ccc13
96,"7,16-Dichloro-6,15-dihydroanthrazine-5,9,14,18-tetrone",CI 69825,"130-20-1  	",240-980-2,Blue,,Clc1cc2C(=O)c3ccccc3C(=O)c2c4Nc5c(Cl)cc6C(=O)c7ccccc7C(=O)c6c5Nc14
97,"Bisbenzimidazo[2,1-b:2',1'-i]benzo[lmn][3,8]phenanthroline-8,17-dione",CI 71105,"4424-06-0  	",224-597-4,Orange,Not to be used in products applied on mucous membranes,O=C1n2c3ccccc3nc2c4ccc5C(=O)n6c7ccccc7nc6c8ccc1c4c58
98,"2-(1,3-Dihydro-3-oxo-2H-indazol-2-ylidene)-1,2-dihydro-3H-indol-3-one",CI 73000,"482-89-3  	",207-586-9,Blue,,O=C1\C(Nc2ccccc12)=C/3Nc4ccccc4C3=O
99,"Disodium 5,5'-(2-(1,3-dihydro-3-oxo-2H-indazol-2-ylidene)-1,2-dihydro-3H-indol-3-one)disulphonate ",CI 73015,860-22-0,212-728-8,Blue,,[Na+].[Na+].[O-][S](=O)(=O)c1ccc2NC(/C(=O)c2c1)=C\3Nc4ccc(cc4C3=O)[S]([O-])(=O)=O
100,6-Chloro-2-(6-chloro-4-methyl-3-oxobenzo[b]thien-2(3H)-ylidene)-4-methylbenzo[b]thiophene-3(2H)-one,CI 73360,"2379-74-0  	",219-163-6,Red,,Cc1cc(Cl)cc2SC(/C(=O)c12)=C/3Sc4cc(Cl)cc(C)c4C3=O
101,5-Chloro-2-(5-chloro-7-methyl-3-oxobenzo[b]thien-2(3H)-ylidene)-7-methylbenzo[b]thiophene-3(2H)-one,CI 73385,"5462-29-3  	",226-750-0,Violet,,Cc1cc(Cl)cc2C(=O)\C(Sc12)=C/3Sc4c(C)cc(Cl)cc4C3=O
102,"5,12-Dihydroquino[2,3-b]acridine-7,14-dione",CI 73900,"1047-16-1  	",213-879-2,Violet,Rinse-off products,O=C1c2ccccc2Nc3cc4C(=O)c5ccccc5Nc4cc13
104,"29H,31H-Phthalocyanine",CI 74100,"574-93-6  	",209-378-3,Blue,Rinse-off products,[nH]1c2nc3[nH]c(nc4nc(nc5nc(nc1c6ccccc26)c7ccccc57)c8ccccc48)c9ccccc39
105,"(29H,31H-Phthalocyaninato(2-)-N29,N30,N31,N32)copper",CI 74160,"147-14-8  	",205-685-1,Blue,,[Cu]1N2C3=NC4=NC(=Nc5n1c(N=C6N=C(N=C2c7ccccc37)c8ccccc68)c9ccccc59)c%10ccccc4%10
107,Polychloro copper phthalocyanine,CI 74260,1328-53-6 ,215-524-7,Green,Not to be used in eye products,Clc1cc(Cl)c2C3N=C(N=C4N5[Cu]N6C(N=C7N=C(N=C5c8c(Cl)c(Cl)c(Cl)c(Cl)c48)c9c(Cl)c(Cl)c(Cl)c(Cl)c79)c%10c(Cl)c(Cl)c(Cl)c(Cl)c%10C6=N3)c2c1Cl
110,Lycopene ,CI 75125,502-65-8 ,-,Yellow,,CC(C)=CCC\C(C)=C\C=C\C(C)=C\C=C\C(C)=C\C=C\C=C(C)\C=C\C=C(C)\C=C\C=C(C)\CCC=C(C)C
112,(3R)-beta-4-Caroten-3-ol,CI 75135,3763-55-1 ,-,Yellow,,CC(C)=CCC\C(C)=C\C=C\C(C)=C\C=C\C(C)=C\C=C\C=C(C)\C=C\C=C(C)\C=C\C1=C(C)C[C@@H](O)CC1(C)C
113,"2-Amino-1,7-dihydro-6H-purin-6-one",CI 75170,"73-40-5  	",200-799-8,White,,NC1=NC(=O)c2[nH]cnc2N1
117,Aluminium,CI 77000,"7429-90-5  	",231-072-3,White,,[Al]
122,Barium sulfate,CI 77120,7727-43-7,231-784-4,White,,[Ba++].[O-][S]([O-])(=O)=O
123,Bismuth chloride oxide,CI 77163,7787-59-9 ,232-122-7,White,,Cl[Bi]=O
124,Calcium carbonate,CI 77220,471-34-1,207-439-9 / 215-279-6,White,,[Ca++].[O-]C([O-])=O
129,Chromium (III) oxide,CI 77288,1308-38-9 ,215-160-9,Green,,O=[Cr]O[Cr]=O
132,Copper,CI 77400,7440-50-8 ,231-159-6,Brown,,[Cu]
133,Gold ,CI 77480,7440-57-5 ,231-165-9,Brown,,[Au]
134,Iron oxide,CI 77489,1345-25-1,215-721-8,Orange,,O=[Fe]
138,Ferric Ammonium Ferrocyanide,CI 77510,25869-00-5,237-875-5,Blue,,[NH4+].[Fe++].[Fe+3].[C-]#N.[C-]#N.[C-]#N.[C-]#N.[C-]#N.[C-]#N
140,Ammonium manganese(3+) diphosphate,CI 77742,10101-66-3 ,233-257-4,Violet,,[NH4+].[Mn+3].[O-][P]([O-])(=O)O[P]([O-])([O-])=O
141,Trimanganese bis(orthophosphate),CI 77745,10124-54-6 ,233-341-0,Red,,[Mn++].[O-][P]([O-])([O-])=O
143,Titanium Dioxide/CI 77891,TITANIUM DIOXIDE/CI 77891,13463-67-7, 236-675-5,White,,O=[Ti]=O
144,Zinc oxide,ZINC OXIDE,1314-13-2,215-222-5,White,,O=[Zn]
151,"Phenol, 4,4'-(3H-2,1-benzoxathiol-3-ylidene)bis[2-bromo-3-methyl-6-(1-methylethyl)-, S,S-dioxide",BROMOTHYMOL BLUE,76-59-5,200-971-2,Blue,Rinse-off products,CC(C)c1cc(c(C)c(Br)c1O)C2(O[S](=O)(=O)c3ccccc23)c4cc(C(C)C)c(O)c(Br)c4C
152,"Phenol, 4,4'-(3H-2,1-benzoxathiol-3-ylidene)bis[2,6-dibromo-3-methyl-,S,S-dioxide",BROMOCRESOL GREEN,76-60-8,200-972-8,Green,Rinse-off products,Cc1c(Br)c(O)c(Br)cc1C2(O[S](=O)(=O)c3ccccc23)c4cc(Br)c(O)c(Br)c4C